Nickname,Score
KüçükPrenses,0
AltınAyı,0
AltınKral,0
AltınAslan,0
MutluBaykuş,0
HızlıKuş,0
KüçükPrenses,0
NeşeliArı,0
NeşeliFil,0
MutluAslan,0
UsluKuş,0
UsluMaymun,0
AltınKuş,0
CesurMaymun,0
CesurPanda,0
KüçükArı,0
SevimliKuş,0
GülenFil,0
MeraklıYıldız,0
KüçükPrenses,0
MutluTilki,0
MeraklıBaykuş,0
MutluAslan,0
NeşeliYıldız,0
CesurPanda,0
KüçükTilki,0
NeşeliYıldız,0
SevimliArı,0
CesurKahraman,0
CesurFil,0
NeşeliYıldız,0
MutluFil,0
AltınKral,0
MutluAyı,0
MeraklıBaykuş,0
UçanTilki,0
HızlıTilki,0
TatlıKral,0
GülenFil,0
SevimliMaymun,0
GülenKuş,0
SevimliYıldız,0
CesurKuş,0
GülenTilki,0
AltınKuş,0
CesurMaymun,0
TatlıArı,0
AkıllıBaykuş,0
HızlıKuş,0
HızlıKaplumbağa,0
CesurBaykuş,0
KüçükPanda,0
TatlıPanda,0
MutluAslan,0
NeşeliFil,0
MeraklıTavşan,0
TatlıTilki,0
KüçükBaykuş,0
MutluTilki,0
UçanMaymun,0
UsluKuş,0
AkıllıBaykuş,0
CesurKuş,0
MeraklıTilki,0
AltınKalp,0
SevimliMaymun,0
KüçükPanda,0
UçanAslan,0
CesurKahraman,0
MutluAslan,0
GülenFil,0
TatlıBaykuş,0
MutluTavşan,0
UsluPanda,0
HızlıKaplumbağa,0
UçanAslan,0
UçanTilki,0
UsluTavşan,0
GülenMaymun,0
MinikTilki,0
HızlıMaymun,0
NeşeliKuş,0
TatlıBaykuş,0
NeşeliKral,0
UsluPanda,0
KüçükPanda,0
MutluBaykuş,0
AltınKalp,0
UsluPanda,0
CesurBaykuş,0
MeraklıYıldız,0
UsluMaymun,0
NeşeliKuş,0
HızlıKaplumbağa,0
UçanKuş,0
SevimliArı,0
AkıllıAslan,0
HızlıBaykuş,0
HızlıKuş,0
NeşeliTilki,0
